{
	"Name":	"softBRP_nature",
	"project":	"PD2453",
	"version":	"1",
	"g_lux_trigger_u":	{
		"value":	[0, 210],
		"value":	[230, 320],
		"value":	[330, 450],
		"value":	[460, 1000]
	},
	"g_lux_trigger_m":	{
		"value":	[0, 180],
		"value":	[195, 350],
		"value":	[380, 530],
		"value":	[570, 1000]
	},
	"g_cct_trigger_u":	{
		"value":	[0, 2600],
		"value":	[2750, 3300],
		"value":	[3650, 4300],
		"value":	[4600, 6800],
		"value":	[7000, 7500]
	},
	"g_cct_trigger_m":	{
		"value":	[0, 2100],
		"value":	[2300, 3400],
		"value":	[3650, 4300],
		"value":	[4650, 6400],
		"value":	[6800, 7500]
	},
	"g_ccm_data_u":	{
		"SoftBrpCcmData":	{
			"value":	[1.306694,-0.189570,-0.117124,-0.302689,1.593986,-0.291297,-0.230688,-0.639910,1.870687],
			"value":	[1.306694,-0.189570,-0.117124,-0.302689,1.593986,-0.291297,-0.230688,-0.639910,1.870687],
			"value":	[1.306694,-0.189570,-0.117124,-0.302689,1.593986,-0.291297,-0.230688,-0.639910,1.870687]
		},
		"SoftBrpCcmData":	{
			"value":	[1.306694,-0.189570,-0.117124,-0.302689,1.593986,-0.291297,-0.230688,-0.639910,1.870687],
			"value":	[1.306694,-0.189570,-0.117124,-0.302689,1.593986,-0.291297,-0.230688,-0.639910,1.870687],
			"value":	[1.306694,-0.189570,-0.117124,-0.302689,1.593986,-0.291297,-0.230688,-0.639910,1.870687]
		},
		"SoftBrpCcmData":	{
			"value":	[1.644805,-0.544947,-0.099858,-0.283376,1.382967,-0.099591,-0.037914,-0.774389,1.812303],
			"value":	[1.644805,-0.544947,-0.099858,-0.283376,1.382967,-0.099591,-0.037914,-0.774389,1.812303],
			"value":	[1.644805,-0.544947,-0.099858,-0.283376,1.382967,-0.099591,-0.037914,-0.774389,1.812303]
		},
		"SoftBrpCcmData":	{
			"value":	[1.8893,-0.9481,0.0588,-0.1795,1.4343,-0.2548,0.0514,-0.9618,1.9103],
			"value":	[1.8893,-0.9481,0.0588,-0.1795,1.4343,-0.2548,0.0514,-0.9618,1.9103],
			"value":	[1.8893,-0.9481,0.0588,-0.1795,1.4343,-0.2548,0.0514,-0.9618,1.9103]
		},
		"SoftBrpCcmData":	{
			"value":	[1.8893,-0.9481,0.0588,-0.1795,1.4343,-0.2548,0.0514,-0.9618,1.9103],
			"value":	[1.8893,-0.9481,0.0588,-0.1795,1.4343,-0.2548,0.0514,-0.9618,1.9103],
			"value":	[1.8893,-0.9481,0.0588,-0.1795,1.4343,-0.2548,0.0514,-0.9618,1.9103]
		},
		"SoftBrpCcmData":	{
			"value":	[1.306694,-0.189570,-0.117124,-0.302689,1.593986,-0.291297,-0.230688,-0.639910,1.870687],
			"value":	[1.306694,-0.189570,-0.117124,-0.302689,1.593986,-0.291297,-0.230688,-0.639910,1.870687],
			"value":	[1.306694,-0.189570,-0.117124,-0.302689,1.593986,-0.291297,-0.230688,-0.639910,1.870687]
		},
		"SoftBrpCcmData":	{
			"value":	[1.306694,-0.189570,-0.117124,-0.302689,1.593986,-0.291297,-0.230688,-0.639910,1.870687],
			"value":	[1.306694,-0.189570,-0.117124,-0.302689,1.593986,-0.291297,-0.230688,-0.639910,1.870687],
			"value":	[1.306694,-0.189570,-0.117124,-0.302689,1.593986,-0.291297,-0.230688,-0.639910,1.870687]
		},
		"SoftBrpCcmData":	{
			"value":	[1.644805,-0.544947,-0.099858,-0.283376,1.382967,-0.099591,-0.037914,-0.774389,1.812303],
			"value":	[1.644805,-0.544947,-0.099858,-0.283376,1.382967,-0.099591,-0.037914,-0.774389,1.812303],
			"value":	[1.644805,-0.544947,-0.099858,-0.283376,1.382967,-0.099591,-0.037914,-0.774389,1.812303]
		},
		"SoftBrpCcmData":	{
			"value":	[1.9393,-0.9481,0.0088,-0.2795,1.4343,-0.1548,0.0514,-0.9618,1.9103],
			"value":	[1.9393,-0.9481,0.0088,-0.2795,1.4343,-0.1548,0.0514,-0.9618,1.9103],
			"value":	[1.9393,-0.9481,0.0088,-0.2795,1.4343,-0.1548,0.0514,-0.9618,1.9103]
		},
		"SoftBrpCcmData":	{
			"value":	[1.9393,-0.9481,0.0088,-0.2795,1.4343,-0.1548,0.0514,-0.9618,1.9103],
			"value":	[1.9393,-0.9481,0.0088,-0.2795,1.4343,-0.1548,0.0514,-0.9618,1.9103],
			"value":	[1.9393,-0.9481,0.0088,-0.2795,1.4343,-0.1548,0.0514,-0.9618,1.9103]
		},
		"SoftBrpCcmData":	{
			"value":	[1.306694,-0.189570,-0.117124,-0.302689,1.593986,-0.291297,-0.230688,-0.639910,1.870687],
			"value":	[1.306694,-0.189570,-0.117124,-0.302689,1.593986,-0.291297,-0.230688,-0.639910,1.870687],
			"value":	[1.306694,-0.189570,-0.117124,-0.302689,1.593986,-0.291297,-0.230688,-0.639910,1.870687]
		},
		"SoftBrpCcmData":	{
			"value":	[1.306694,-0.189570,-0.117124,-0.302689,1.593986,-0.291297,-0.230688,-0.639910,1.870687],
			"value":	[1.306694,-0.189570,-0.117124,-0.302689,1.593986,-0.291297,-0.230688,-0.639910,1.870687],
			"value":	[1.306694,-0.189570,-0.117124,-0.302689,1.593986,-0.291297,-0.230688,-0.639910,1.870687]
		},
		"SoftBrpCcmData":	{
			"value":	[1.644805,-0.544947,-0.099858,-0.283376,1.382967,-0.099591,-0.037914,-0.774389,1.812303],
			"value":	[1.644805,-0.544947,-0.099858,-0.283376,1.382967,-0.099591,-0.037914,-0.774389,1.812303],
			"value":	[1.644805,-0.544947,-0.099858,-0.283376,1.382967,-0.099591,-0.037914,-0.774389,1.812303]
		},
		"SoftBrpCcmData":	{
			"value":	[1.9393,-0.9481,0.0088,-0.2795,1.4343,-0.1548,0.0514,-0.9618,1.9103],
			"value":	[1.9393,-0.9481,0.0088,-0.2795,1.4343,-0.1548,0.0514,-0.9618,1.9103],
			"value":	[1.9393,-0.9481,0.0088,-0.2795,1.4343,-0.1548,0.0514,-0.9618,1.9103]
		},
		"SoftBrpCcmData":	{
			"value":	[1.9393,-0.9481,0.0088,-0.2795,1.4343,-0.1548,0.0514,-0.9618,1.9103],
			"value":	[1.9393,-0.9481,0.0088,-0.2795,1.4343,-0.1548,0.0514,-0.9618,1.9103],
			"value":	[1.9393,-0.9481,0.0088,-0.2795,1.4343,-0.1548,0.0514,-0.9618,1.9103]
		},
		"SoftBrpCcmData":	{
			"value":	[1.306694,-0.189570,-0.117124,-0.302689,1.593986,-0.291297,-0.230688,-0.639910,1.870687],
			"value":	[1.306694,-0.189570,-0.117124,-0.302689,1.593986,-0.291297,-0.230688,-0.639910,1.870687],
			"value":	[1.306694,-0.189570,-0.117124,-0.302689,1.593986,-0.291297,-0.230688,-0.639910,1.870687]
		},
		"SoftBrpCcmData":	{
			"value":	[1.306694,-0.189570,-0.117124,-0.302689,1.593986,-0.291297,-0.230688,-0.639910,1.870687],
			"value":	[1.306694,-0.189570,-0.117124,-0.302689,1.593986,-0.291297,-0.230688,-0.639910,1.870687],
			"value":	[1.306694,-0.189570,-0.117124,-0.302689,1.593986,-0.291297,-0.230688,-0.639910,1.870687]
		},
		"SoftBrpCcmData":	{
			"value":	[1.644805,-0.544947,-0.099858,-0.283376,1.382967,-0.099591,-0.037914,-0.774389,1.812303],
			"value":	[1.644805,-0.544947,-0.099858,-0.283376,1.382967,-0.099591,-0.037914,-0.774389,1.812303],
			"value":	[1.644805,-0.544947,-0.099858,-0.283376,1.382967,-0.099591,-0.037914,-0.774389,1.812303]
		},
		"SoftBrpCcmData":	{
			"value":	[1.9393,-0.9481,0.0088,-0.2795,1.4343,-0.1548,0.0514,-0.9618,1.9103],
			"value":	[1.9393,-0.9481,0.0088,-0.2795,1.4343,-0.1548,0.0514,-0.9618,1.9103],
			"value":	[1.9393,-0.9481,0.0088,-0.2795,1.4343,-0.1548,0.0514,-0.9618,1.9103]
		},
		"SoftBrpCcmData":	{
			"value":	[1.9393,-0.9481,0.0088,-0.2795,1.4343,-0.1548,0.0514,-0.9618,1.9103],
			"value":	[1.9393,-0.9481,0.0088,-0.2795,1.4343,-0.1548,0.0514,-0.9618,1.9103],
			"value":	[1.9393,-0.9481,0.0088,-0.2795,1.4343,-0.1548,0.0514,-0.9618,1.9103]
		}
	},
	"g_ccm_data_m":	{
		"SoftBrpCcmData":	{
			"value":	[1.1397, -0.0264, -0.1134, -0.1771, 1.3845, -0.2073, -0.0759, -0.6645, 1.7404],
			"value":	[1.1397, -0.0264, -0.1134, -0.1771, 1.3845, -0.2073, -0.0759, -0.6645, 1.7404],
			"value":	[1.1397, -0.0264, -0.1134, -0.1771, 1.3845, -0.2073, -0.0759, -0.6645, 1.7404]
		},
		"SoftBrpCcmData":	{
			"value":	[1.1397, -0.0264, -0.1134, -0.1771, 1.3845, -0.2073, -0.0759, -0.6645, 1.7404],
			"value":	[1.1397, -0.0264, -0.1134, -0.1771, 1.3845, -0.2073, -0.0759, -0.6645, 1.7404],
			"value":	[1.1397, -0.0264, -0.1134, -0.1771, 1.3845, -0.2073, -0.0759, -0.6645, 1.7404]
		},
		"SoftBrpCcmData":	{
			"value":	[1.3451, -0.2779, -0.0673, -0.1583, 1.3731, -0.2147, 0.0002, -0.3984, 1.3983],
			"value":	[1.3451, -0.2779, -0.0673, -0.1583, 1.3731, -0.2147, 0.0002, -0.3984, 1.3983],
			"value":	[1.3451, -0.2779, -0.0673, -0.1583, 1.3731, -0.2147, 0.0002, -0.3984, 1.3983]
		},
		"SoftBrpCcmData":	{
			"value":	[1.3002, -0.1871, -0.1131, -0.1227, 1.3139, -0.1913, 0.0175, -0.3253, 1.3077],
			"value":	[1.3002, -0.1871, -0.1131, -0.1227, 1.3139, -0.1913, 0.0175, -0.3253, 1.3077],
			"value":	[1.3002, -0.1871, -0.1131, -0.1227, 1.3139, -0.1913, 0.0175, -0.3253, 1.3077]
		},