{
	"Name":	"fallbackParams",
	"project":	"PD2453",
	"version":	"1.0",
	"ThresholdForSATFallback":	{
		"ThresholdOfSat":	{
			"productName":	{
				"value":	"PD2453"
			},
			"EISThreshold":	{
				"value":	[4.200000, 7, 7]
			},
			"CameraActiveRangeRatio":	{
				"value":	[0.600000, 1.300000],
				"value":	[0.800000, 2.600000],
				"value":	[1.600000, 20]
			},
			"fallbackForceOffThreshold":	{
				"value":	[10]
			},
			"roiRemosaicForceONThreshold":	{
				"value":	[120]
			},
			"ROIcancelsLuxrestriction":	{
				"value":	[0]
			},
			"minDvalueCameraConvered":	{
				"value":	[0]
			},
			"RoiRemosaicThreshold":	{
				"//zoomratio":	[0.100000, 9999.900000, 2, 3, 6, 9999.900000],
				"//luxindex":	[0.100000, 9999.900000, 340, 320, 340, 320]
			},
			"thresholdLux":	{
				"//UW":	[999, 999, 9999.900000, 9999.900000, 337, 337],
				"//WIDE":	[999, 999, 9999.900000, 9999.900000, 460, 440],
				"//TELE":	[999, 999, 9999.900000, 9999.900000, 465, 445],
				"//DisplayIC":	[9999.900000, 9999.900000, 9999.900000, 9999.900000, 9999.900000, 9999.900000]
			},
			"thresholdDistance":	{
				"//UW":	[0.100000, 0.100000, 1.100000, 18, 1.100000, 1.100000],
				"//WIDE":	[0.100000, 0.100000, 15, 18, 1.100000, 1.100000],
				"//TELE":	[0.100000, 0.100000, 0.100000, 0.100000, 1.100000, 1.100000],
				"//laser":	[0.100000, 0.100000, 15, 18, 1.100000, 1.100000],
				"//reliableRange":	[0.100000, 10, 12, 50, 18, 100]
			},
			"thresholdLuxForSuperNS":	{
				"//UW":	[999, 999, 9999.900000, 9999.900000, 350, 330],
				"//WIDE":	[999, 999, 9999.900000, 9999.900000, 460, 440],
				"//TELE":	[999, 999, 9999.900000, 9999.900000, 465, 445],
				"//DisplayIC":	[9999.900000, 9999.900000, 9999.900000, 9999.900000, 9999.900000, 9999.900000]
			},
			"thresholdDistanceForSuperNS":	{
				"//UW":	[0.100000, 0.100000, 1.100000, 18, 1.100000, 1.100000],
				"//WIDE":	[0.100000, 0.100000, 15, 18, 1.100000, 1.100000],
				"//TELE":	[0.100000, 0.100000, 0.100000, 0.100000, 1.100000, 1.100000],
				"//laser":	[0.100000, 0.100000, 15, 18, 1.100000, 1.100000],
				"//reliableRange":	[0.100000, 10, 12, 50, 18, 100]
			},
			"thresholdDistanceForDoc":	{
				"//UW":	[0.100000, 0.100000, 20, 40, 20, 25],
				"//WIDE":	[0.100000, 0.100000, 30, 50, 60, 70],
				"//TELE":	[0.100000, 0.100000, 0.100000, 0.100000, 1.100000, 1.100000],
				"//laser":	[0.100000, 0.100000, 30, 50, 1.100000, 1.100000],
				"//reliableRange":	[0.100000, 10, 12, 50, 18, 100]
			},
			"thresholdLuxForVideo":	{
				"//UW":	[999, 999, 9999.900000, 9999.900000, 888, 888],
				"//WIDE":	[999, 999, 9999.900000, 9999.900000, 888, 888],
				"//TELE":	[999, 999, 9999.900000, 9999.900000, 888, 888],
				"//DisplayIC":	[9999.900000, 9999.900000, 9999.900000, 9999.900000, 9999.900000, 9999.900000]
			},
			"thresholdLuxForVideo_60FPS":	{
				"//UW":	[999, 999, 9999.900000, 9999.900000, 888, 888],
				"//WIDE":	[999, 999, 9999.900000, 9999.900000, 888, 888],
				"//TELE":	[999, 999, 9999.900000, 9999.900000, 888, 888],
				"//DisplayIC":	[9999.900000, 9999.900000, 9999.900000, 9999.900000, 9999.900000, 9999.900000]
			},
			"thresholdDistanceForSuperMacro":	{
				"//UW":	[0.100000, 0.100000, 1.100000, 18, 1.100000, 1.100000],
				"//WIDE":	[0.100000, 0.100000, 15, 18, 1.100000, 1.100000],
				"//TELE":	[0.100000, 0.100000, 0.100000, 0.100000, 1.100000, 1.100000],
				"//laser":	[0.100000, 0.100000, 15, 18, 1.100000, 1.100000],
				"//reliableRange":	[0.100000, 10, 12, 50, 18, 100]
			},
			"thresholdLuxForSuperNSSecondSupply":	{
				"value":	[]
			}
		}
	},
	"ThresholdForSATBOKEHFallback":	{
		"ThresholdOfSat":	{
			"productName":	{
				"value":	"PD2453"
			},
			"EISThreshold":	{
				"value":	[4.200000, 7, 7]
			},
			"CameraActiveRangeRatio":	{
				"value":	[0.600000, 1.300000],
				"value":	[0.800000, 2.600000],
				"value":	[1.600000, 20]
			},
			"fallbackForceOffThreshold":	{
				"value":	[10]
			},
			"roiRemosaicForceONThreshold":	{
				"value":	[120]
			},
			"ROIcancelsLuxrestriction":	{
				"value":	[0]
			},
			"minDvalueCameraConvered":	{
				"value":	[0]
			},
			"RoiRemosaicThreshold":	{
				"//zoomratio":	[0.100000, 9999.900000, 2, 3, 6, 9999.900000],
				"//luxindex":	[0.100000, 9999.900000, 375, 360, 375, 360]
			},
			"thresholdLux":	{
				"//UW":	[999, 999, 9999.900000, 9999.900000, 337, 337],
				"//WIDE":	[999, 999, 9999.900000, 9999.900000, 460, 440],
				"//TELE":	[999, 999, 9999.900000, 9999.900000, 465, 445],
				"//DisplayIC":	[9999.900000, 9999.900000, 9999.900000, 9999.900000, 9999.900000, 9999.900000]
			},
			"thresholdDistance":	{
				"//UW":	[0.100000, 0.100000, 1.100000, 18, 1.100000, 1.100000],
				"//WIDE":	[0.100000, 0.100000, 15, 18, 1.100000, 1.100000],
				"//TELE":	[0.100000, 0.100000, 0.100000, 0.100000, 1.100000, 1.100000],
				"//laser":	[0.100000, 0.100000, 15, 18, 1.100000, 1.100000],
				"//reliableRange":	[0.100000, 10, 12, 50, 18, 100]
			},
			"thresholdLuxForSuperNS":	{
				"//UW":	[999, 999, 9999.900000, 9999.900000, 350, 330],
				"//WIDE":	[999, 999, 9999.900000, 9999.900000, 460, 440],
				"//TELE":	[999, 999, 9999.900000, 9999.900000, 465, 445],
				"//DisplayIC":	[9999.900000, 9999.900000, 9999.900000, 9999.900000, 9999.900000, 9999.900000]
			},
			"thresholdDistanceForSuperNS":	{
				"//UW":	[0.100000, 0.100000, 1.100000, 18, 1.100000, 1.100000],
				"//WIDE":	[0.100000, 0.100000, 15, 18, 1.100000, 1.100000],
				"//TELE":	[0.100000, 0.100000, 0.100000, 0.100000, 1.100000, 1.100000],
				"//laser":	[0.100000, 0.100000, 15, 18, 1.100000, 1.100000],
				"//reliableRange":	[0.100000, 10, 12, 50, 18, 100]
			},
			"thresholdDistanceForDoc":	{
				"//UW":	[0.100000, 0.100000, 20, 40, 20, 25],
				"//WIDE":	[0.100000, 0.100000, 30, 50, 60, 70],
				"//TELE":	[0.100000, 0.100000, 0.100000, 0.100000, 1.100000, 1.100000],
				"//laser":	[0.100000, 0.100000, 30, 50, 1.100000, 1.100000],
				"//reliableRange":	[0.100000, 10, 12, 50, 18, 100]
			},
			"thresholdLuxForVideo":	{
				"//UW":	[999, 999, 9999.900000, 9999.900000, 888, 888],
				"//WIDE":	[999, 999, 9999.900000, 9999.900000, 888, 888],
				"//TELE":	[999, 999, 9999.900000, 9999.900000, 888, 888],
				"//DisplayIC":	[9999.900000, 9999.900000, 9999.900000, 9999.900000, 9999.900000, 9999.900000]
			},
			"thresholdLuxForVideo_60FPS":	{
				"//UW":	[999, 999, 9999.900000, 9999.900000, 888, 888],
				"//WIDE":	[999, 999, 9999.900000, 9999.900000, 888, 888],
				"//TELE":	[999, 999, 9999.900000, 9999.900000, 888, 888],
				"//DisplayIC":	[9999.900000, 9999.900000, 9999.900000, 9999.900000, 9999.900000, 9999.900000]
			},
			"thresholdDistanceForSuperMacro":	{
				"//UW":	[0.100000, 0.100000, 1.100000, 18, 1.100000, 1.100000],
				"//WIDE":	[0.100000, 0.100000, 15, 18, 1.100000, 1.100000],
				"//TELE":	[0.100000, 0.100000, 0.100000, 0.100000, 1.100000, 1.100000],
				"//laser":	[0.100000, 0.100000, 15, 18, 1.100000, 1.100000],
				"//reliableRange":	[0.100000, 10, 12, 50, 18, 100]
			},
			"thresholdLuxForSuperNSSecondSupply":	{
				"value":	[]
			}
		}
	},
	"calibStepVec":	{
		"supply_V1":	{
			"satcalibSteplist":	{
				"value":	"/mnt/vendor/persist/camera/vivo_calib_1x_0p6x_3rd.bin",
				"value":	"",
				"value":	"",
				"value":	""
			},
			"satcalibStepGoldenlist":	{
				"value":	"/vendor/camera3rd/vivo/vivo_calib_1x_0p6x_3rd_goldern.bin",
				"value":	"",
				"value":	"",
				"value":	""
			}
		}
	}
}