{
	"AlgoMap255BrLevel": {
		"sectionone": [0.006667,1.993],
		"sectiontwo": [0.05034,-194.6],
		"sectionthree": [0.01333841463,58.65853659],
		"sectionkeypoint": [4501,6848]
	},
	"LcmMapAlgoBrLevel": [
		[1,1],
		[2,76],
		[3,226],
		[4,376],
		[5,526],
		[6,676],
		[7,826],
		[8,976],
		[9,1125],
		[10,1275],
		[11,1425],
		[12,1575],
		[13,1725],
		[14,1875],
		[15,2025],
		[16,2175],
		[17,2325],
		[18,2475],
		[19,2625],
		[20,2775],
		[21,2925],
		[22,3075],
		[23,3225],
		[24,3375],
		[25,3525],
		[26,3675],
		[27,3825],
		[28,3975],
		[29,4125],
		[30,4275],
		[31,4425],
		[32,4511],
		[33,4531],
		[34,4551],
		[35,4570],
		[36,4590],
		[37,4610],
		[38,4630],
		[39,4650],
		[40,4670],
		[41,4690],
		[42,4710],
		[43,4729],
		[44,4749],
		[45,4769],
		[46,4789],
		[47,4809],
		[48,4829],
		[49,4849],
		[50,4868],
		[51,4888],
		[52,4908],
		[53,4928],
		[54,4948],
		[55,4968],
		[56,4988],
		[57,5008],
		[58,5027],
		[59,5047],
		[60,5067],
		[61,5087],
		[62,5107],
		[63,5127],
		[64,5147],
		[65,5166],
		[66,5186],
		[67,5206],
		[68,5226],
		[69,5246],
		[70,5266],
		[71,5286],
		[72,5305],
		[73,5325],
		[74,5345],
		[75,5365],
		[76,5385],
		[77,5405],
		[78,5425],
		[79,5445],
		[80,5464],
		[81,5484],
		[82,5504],
		[83,5524],
		[84,5544],
		[85,5564],
		[86,5584],
		[87,5603],
		[88,5623],
		[89,5643],
		[90,5663],
		[91,5683],
		[92,5703],
		[93,5723],
		[94,5743],
		[95,5762],
		[96,5782],
		[97,5802],
		[98,5822],
		[99,5842],
		[100,5862],
		[101,5882],
		[102,5901],
		[103,5921],
		[104,5941],
		[105,5961],
		[106,5981],
		[107,6001],
		[108,6021],
		[109,6040],
		[110,6060],
		[111,6080],
		[112,6100],
		[113,6120],
		[114,6140],
		[115,6160],
		[116,6180],
		[117,6199],
		[118,6219],
		[119,6239],
		[120,6259],
		[121,6279],
		[122,6299],
		[123,6319],
		[124,6338],
		[125,6358],
		[126,6378],
		[127,6398],
		[128,6418],
		[129,6438],
		[130,6458],
		[131,6478],
		[132,6497],
		[133,6517],
		[134,6537],
		[135,6557],
		[136,6577],
		[137,6597],
		[138,6617],
		[139,6636],
		[140,6656],
		[141,6676],
		[142,6696],
		[143,6716],
		[144,6736],
		[145,6756],
		[146,6775],
		[147,6795],
		[148,6815],
		[149,6835],
		[150,6884],
		[151,6960],
		[152,7035],
		[153,7110],
		[154,7185],
		[155,7260],
		[156,7335],
		[157,7410],
		[158,7485],
		[159,7560],
		[160,7635],
		[161,7710],
		[162,7785],
		[163,7860],
		[164,7935],
		[165,8010],
		[166,8085],
		[167,8160],
		[168,8235],
		[169,8310],
		[170,8385],
		[171,8460],
		[172,8535],
		[173,8610],
		[174,8685],
		[175,8760],
		[176,8835],
		[177,8910],
		[178,8985],
		[179,9060],
		[180,9135],
		[181,9210],
		[182,9285],
		[183,9360],
		[184,9434],
		[185,9509],
		[186,9584],
		[187,9659],
		[188,9734],
		[189,9809],
		[190,9884],
		[191,9959],
		[192,10034],
		[193,10109],
		[194,10184],
		[195,10259],
		[196,10334],
		[197,10409],
		[198,10484],
		[199,10559],
		[200,10634],
		[201,10709],
		[202,10784],
		[203,10859],
		[204,10934],
		[205,11009],
		[206,11084],
		[207,11159],
		[208,11234],
		[209,11309],
		[210,11384],
		[211,11459],
		[212,11534],
		[213,11609],
		[214,11684],
		[215,11759],
		[216,11834],
		[217,11909],
		[218,11984],
		[219,12058],
		[220,12133],
		[221,12208],
		[222,12283],
		[223,12358],
		[224,12433],
		[225,12508],
		[226,12583],
		[227,12658],
		[228,12733],
		[229,12808],
		[230,12883],
		[231,12958],
		[232,13033],
		[233,13108],
		[234,13183],
		[235,13258],
		[236,13333],
		[237,13408],
		[238,13483],
		[239,13558],
		[240,13633],
		[241,13708],
		[242,13783],
		[243,13858],
		[244,13933],
		[245,14008],
		[246,14083],
		[247,14158],
		[248,14233],
		[249,14308],
		[250,14383],
		[251,14458],
		[252,14533],
		[253,14608],
		[254,14682],
		[255,14720]
	]
}
