{
	"riderLuxSection": [10,20,30,80,100,200,400,500,800,1000,2000,3000,6000,8000],
	"riderLux2AlgoParams": [
		[199.9,380],
		[197.9,400],
		[65.4,3050],
		[2.12,4948.4],
		[2.05,4954],
		[1.53,5006],
		[1.395,5033],
		[1.26,5087],
		[2.1733,4630.3333],
		[2.065,4717],
		[1.506,5276],
		[0.785,6718],
		[1.2633,5283],
		[0.6025,9248],
		[0.5388,9757.2562]
	],
	"riderAlgoSection": [2379,4358,5012,5118,5159,5312,5591,5717,6369,6782,8288,9073,12863,14068],
	"riderAlgo2LuxParams": [
		[0.005,-1.901],
		[0.0051,-2.0212],
		[0.0153,-46.6361],
		[0.4717,-2334.1509],
		[0.4878,-2416.5854],
		[0.6536,-3271.8954],
		[0.7168,-3607.8853],
		[0.7937,-4037.3016],
		[0.4601,-2130.5215],
		[0.4843,-2284.2615],
		[0.664,-3503.3201],
		[1.2739,-8557.9618],
		[0.7916,-4181.7942],
		[1.6598,-15349.3776],
		[1.8558,-18107.7914]
	],
	"riderLuxNitCurve": [
		[30,3.5,10],
		[100,0.14286,110.714],
		[500,0.1125,113.75],
		[1000,0.2,70],
		[2000,0.115,155],
		[6000,0.07875,227.5],
		[10000,0.025,550]
	]
}
