{
	"ramperbrightness": {
		"sectiondown": [
			[-0.6219383139,11373.91505],
			[-0.3970416667,8424.620417],
			[-0.7703699583,13248.7686],
			[-1.051685393,16074.86346],
			[-1.447835729,19560.98641],
			[-2.104068861,24696.6669],
			[-2.030099732,24205.43792],
			[-2.527817073,27139.48165],
			[-2.574124138,27389.67872],
			[-3.914929323,34050.79888],
			[-4.991548872,38683.4928],
			[-6.292330882,43761.74576],
			[-14.84375,74820.5],
			[-6.141762452,44328.73563],
			[-7.743243243,49104.35135],
			[-8.252475248,50472.14851],
			[-10.00874636,54125.19242],
			[-7.469827586,51456.78879],
			[-8.401197605,51787.42515],
			[-3.473023452e-14,50208]
		],
		"section_downpoint": [13114,12922,10046,8800,7826,6641,5895,5403,4968,4303,3904,3632,3504,2982,2686,2080,1051,355,188,72],
		"section_down_min_step": [97,150,78,58,42,29,30,60,59,39,31,24,11,25,20,19,15,21,18,"_Inf_"],
		"sectiondowngapminone": 20,
		"sectiondowngapmintwo": 80,
		"sectiondownkeybr": 6641,
		"downlcmFlickValue": 2,
		"uptotaltime": 2800,
		"uplimmitcount": 25,
		"section_uppoint": [6368,10503],
		"quickupstep": [586,509,256],
		"quickupgap": [20,0,0],
		"quickdownstep": [83,96,62,181],
		"quickdowngap": [40,40,30,20],
		"quick_sectionpoint": [9322,7247,4992,133],
		"pemtotaltime": 10000,
		"useFixedRefreshRate":1,
		"dimSmoothTotalTime":1200,
		"quick_sectionnitpoint":[380.0,230.0,130.0,50.0],
		"quickdowntime":[1200,1200,1300,1300,1200]
	}
}
