{
    "Deuteranomalia" : [
        [0.251452, 0.6888055, 0.059742,-1.19409, -2.498075, 4.692163,2.193105, -2.824095, 1.630989],
        [0.251517783, 0.688692565, 0.059789652,-1.196139115, -2.50053702, 4.696676135,2.19357154, -2.824953787, 1.631383103],
        [0.253779, 0.6870825, 0.059139,-1.19155, -2.46817, 4.659721,1.95566, -2.48657, 1.530909],
        [0.25624965, 0.685138921, 0.058611429,-1.19134457, -2.440771765, 4.632116335,1.750520115, -2.19525421, 1.444734969],
        [0.258672, 0.6833074, 0.058021,-1.18727, -2.408486, 4.595752,1.56958, -1.937229, 1.367649],
        [0.261299744, 0.681156658, 0.057544597,-1.18767027, -2.381415258, 4.569086514,1.411171941, -1.712906622, 1.30173557],
        [0.26388, 0.6791145, 0.057006,-1.18421, -2.349591, 4.533804,1.268805, -1.510123, 1.241319],
        [0.266658037, 0.676769826, 0.056572137,-1.185339507, -2.323208761, 4.508548268,1.142422264, -1.332522134, 1.19009987]
    ],
    "Protanomalopia" : [
        [0.23769805, 0.700275657, 0.062027291,-1.168771611, -2.653406356, 4.822177967,2.436041821, -3.236520987, 1.800480118],
        [0.228405971, 0.708445542, 0.063149486,-1.133091263, -2.742663223, 4.875754486,2.126874597, -2.868401519, 1.741527882],
        [0.219254704, 0.71625543, 0.064490865,-1.09507301, -2.826887358, 4.921961368,1.857152304, -2.558822227, 1.701669923],
        [0.210267767, 0.723658968, 0.066074263,-1.055167824, -2.905680997, 4.960849821,1.6179045, -2.295646285, 1.677741785],
        [0.201469572, 0.730608865, 0.067922562,-1.013843423, -2.978725498, 4.992568921,1.402769944, -2.070308623, 1.667538679],
        [0.192881362, 0.737066049, 0.070053588,-0.971639096, -3.046122215, 5.017761311,1.20685058, -1.875866216, 1.669016615],
        [0.184525715, 0.742990188, 0.072485095,-0.929079097, -3.108063976, 5.037143073,1.026704399, -1.707296184, 1.680592766],
        [0.176420396, 0.748349193, 0.075230411,-0.88666156, -3.165001396, 5.051662956,0.859789839, -1.560558929, 1.700769091]
    ],
    "Tritanomalia" : [
        [0.247105, 0.691796, 0.061098,-0.74566, -1.47313, 3.218791,2.160758, -2.75658, 1.595822],
        [0.247105, 0.691796, 0.061098,-0.56141, -0.9957, 2.557104,1.815481, -2.2267, 1.411218],
        [0.247105, 0.691796, 0.061098,-0.48077, -0.72735, 2.208113,1.646271, -1.92004, 1.273769],
        [0.247105, 0.691796, 0.061098,-0.45542, -0.53787, 1.993291,1.599056, -1.74787, 1.14881],
        [0.247105, 0.691796, 0.061098,-0.47152, -0.36265, 1.834172,1.654658, -1.6636, 1.008942],
        [0.247105, 0.691796, 0.061098,-0.5222, -0.14487, 1.667068,1.794174, -1.62159, 0.82742],
        [0.247105, 0.691796, 0.061098,-0.58708, 0.16548, 1.421601,1.962896, -1.55352, 0.590621],
        [0.247105, 0.691796, 0.061098,-0.63302, 0.559683, 1.07334,2.089154, -1.40913, 0.319974]
    ]
}